page,title,description,h1
"/","Flight Training in Valparaiso, Indiana | Eagle Aircraft Flight Academy","Eagle Aircraft Flight Academy is a Cessna Pilot Center at Porter County Regional Airport in Valparaiso, Indiana, offering FAA Part 141 and Part 61 flight training from Private Pilot through ATP. Train with experienced instructors using Cessna and Tecnam aircraft, Elite simulators, and proven accelerated programs for local, VA, Liberty University, and international students.","Become a Pilot in Indiana  Eagle Aircraft"
"/500.html","500 - Server Error | Eagle Aircraft Flight Academy","Something went wrong on our end. The Eagle Aircraft Flight Academy server encountered an unexpected issue. Please try again or return to the homepage.","500"
"/404.html","404 - Page Not Found | Eagle Aircraft Flight Academy","The page you're looking for couldn't be found. Return to M2A Aviation Academy to explore our professional pilot training programs.","404"
"/terms-of-service/","Terms of Service | Eagle Aircraft","Eagle Aircraft's terms of service. Review the terms and conditions for using our services and enrolling in our flight training programs.","Terms of Service"
"/programs/","Flight Training Programs | Eagle Aircraft Aviation Academy","Explore our comprehensive flight training programs designed to take you from zero to hero","Flight Training Programs"
"/privacy-policy/","Privacy Policy | Eagle Aircraft","Eagle Aircraft's privacy policy. Learn how we collect, use, and protect your personal information.","Privacy Policy"
"/new-to-flying/","New To Flying | Eagle Aircraft Aviation Academy","Explore our comprehensive flight training programs designed to take you from zero to hero","New To Flying"
"/enrollment-confirmation/","Enrollment Confirmation | Eagle Aircraft Flight Academy","Thank you for enrolling in Eagle Aircraft Flight Academy. Your enrollment is confirmed and we will contact you shortly with further details.","Enroll Confirmation"
"/enrollment/","Enrollment | Eagle Aircraft Aviation Academy","Aviation insights, training tips, and industry news","Begin Your  Flight Training"
"/discovery-flight-confirmation/","Discovery Flight Confirmation | Eagle Aircraft Flight Academy","Thank you for booking your discovery flight with Eagle Aircraft Flight Academy. We look forward to welcoming you aboard!","Discovery Flight Confirmation"
"/discovery-flight/","Blog | Eagle Aircraft Aviation Academy","Aviation insights, training tips, and industry news","Discovery Flight"
"/crew/","Our Team | Eagle Aircraft Aviation Academy","Meet our experienced flight instructors and staff","From First Flight  to Certified Pilot  All in One Academy"
"/blog/","Blog | Eagle Aircraft Aviation Academy","Aviation insights, training tips, and industry news","Stay Informed  About Aviation and Flight Training"
"/contact-confirmation/","Contact Confirmation | Eagle Aircraft Flight Academy","Thank you for reaching out to {COMPANY_NAME}. Your message has been received and we will get back to you shortly.","Contact Confirmation"
"/aircraft/","Our Fleet | Eagle Aircraft Aviation Academy","Meet our modern and reliable fleet","Modern Aircraft  Built for Professional Training"
"/about/","Flight Training in Valparaiso, Indiana | Eagle Aircraft Flight Academy","Eagle Aircraft Flight Academy is a Cessna Pilot Center at Porter County Regional Airport in Valparaiso, Indiana, offering FAA Part 141 and Part 61 flight training from Private Pilot through ATP. Train with experienced instructors using Cessna and Tecnam aircraft, Elite simulators, and proven accelerated programs for local, VA, Liberty University, and international students.","Training Pilots with Purpose,Precision, and Safety"
"/resources/student-resources/","Flight Training in Valparaiso, Indiana | Eagle Aircraft Flight Academy","Eagle Aircraft Flight Academy is a Cessna Pilot Center at Porter County Regional Airport in Valparaiso, Indiana, offering FAA Part 141 and Part 61 flight training from Private Pilot through ATP. Train with experienced instructors using Cessna and Tecnam aircraft, Elite simulators, and proven accelerated programs for local, VA, Liberty University, and international students.","Helpful Documents for Student Pilots"
"/programs/private-pilot-certificate/","Private Pilot Certificate | Eagle Aircraft Aviation Academy","Begin your aviation journey with FAA Private Pilot training at Eagle Aircraft.","Private Pilot Certificate"
"/programs/international-students/","International Student | Eagle Aircraft Aviation Academy","Step-by-step guidance for international students applying for FAA flight training in the United States through the TSA Flight Training Security Program (FTSP). Required for Private, Instrument, and Multi-Engine training.","International Student"
"/programs/instrument-rating/","Instrument Rating | Eagle Aircraft Aviation Academy","Master IFR flight and unlock all-weather flying capabilities. Professional instrument training with modern avionics and experienced CFII instructors. Fly confidently using a structured Part 141 syllabus.","Instrument Rating"
"/programs/flight-review/","Flight Training in Valparaiso, Indiana | Eagle Aircraft Flight Academy","Eagle Aircraft Flight Academy is a Cessna Pilot Center at Porter County Regional Airport in Valparaiso, Indiana, offering FAA Part 141 and Part 61 flight training from Private Pilot through ATP. Train with experienced instructors using Cessna and Tecnam aircraft, Elite simulators, and proven accelerated programs for local, VA, Liberty University, and international students.","From First Flight  to Certified Pilot  All in One Academy"
"/programs/commercial-pilot/","Commercial Pilot License | Eagle Aircraft Aviation Academy","Earn your Commercial Pilot License and fly for compensation. Professional training in advanced maneuvers, complex aircraft operations, and commercial aviation standards. Your gateway to paid flying careers.","Commercial Pilot License"
"/programs/certified-flight-instructor/","Certified Flight Instructor (CFI) | Eagle Aircraft Aviation Academy","Become a professional flight instructor and build hours while earning income. Comprehensive CFI training with right-seat proficiency and teaching techniques. Meet ATP minimums through professional instruction.","Certified Flight Instructor (CFI)"
"/programs/airline-transport-pilot/","Airline Transport Pilot | Eagle Aircraft Aviation Academy","Understand the requirements for the FAA Airline Transport Pilot (ATP) Certificate, including the standard 1,500-hour pathway and the Restricted ATP option available exclusively through approved university partnerships.","Airline Transport Pilot"
"/crew/sam-kohanyi/","Sam Kohanyi | Eagle Aircraft Aviation Academy","Liberty University student studying for a B.S. in Aviation with over 1,000 hours, former Eagle dispatcher.","From First Flight  to Certified Pilot  All in One Academy"
"/crew/ryan-leto/","Ryan Leto | Eagle Aircraft Aviation Academy","Graduate from Indiana State with Bachelor's in Aviation, specializing in Private and Commercial instruction.","From First Flight  to Certified Pilot  All in One Academy"
"/crew/piper-kimes/","Piper Kimes | Eagle Aircraft Aviation Academy","Graduate from Embry-Riddle Aeronautical University with B.S. in Aeronautical Science, trained at Eagle for private rating.","From First Flight  to Certified Pilot  All in One Academy"
"/crew/nathan-moore/","Nathan Moore | Eagle Aircraft Aviation Academy","Former chief at Eagle before moving on to Air Wisconsin and has returned as our chief once again.","From First Flight  to Certified Pilot  All in One Academy"
"/crew/michael-vasconi/","Michael Vasconi | Eagle Aircraft Aviation Academy","Career changer with Bachelors in Informatics and Computer Science from Indiana University, pursuing aviation passion.","From First Flight  to Certified Pilot  All in One Academy"
"/crew/john-sendra/","John Sendra | Eagle Aircraft Aviation Academy","Graduate from Lewis University with an Aviation Degree and Gold Seal instructor with over 2,000 hours.","From First Flight  to Certified Pilot  All in One Academy"
"/crew/brent-gengnagel/","Brent Gengnagel | Eagle Aircraft Aviation Academy","Liberty University graduate with B.S. in Aviation, former front desk employee at Eagle with over 1,000 hours.","From First Flight  to Certified Pilot  All in One Academy"
"/crew/anthony-cole/","Anthony Cole | Eagle Aircraft Aviation Academy","Former Air Force veteran with Bachelor's degree in Business Administration from University of Arizona.","From First Flight  to Certified Pilot  All in One Academy"
"/crew/andrew-szidik/","Andrew Szidik | Eagle Aircraft Aviation Academy","Graduate with B.S. in Aviation from Liberty University, received all ratings at Eagle with over 1,600 hours.","From First Flight  to Certified Pilot  All in One Academy"
"/blog/why-student-pilots-drop-out/","Why Most Student Pilots Drop Out (And How to Avoid It) | Eagle Aircraft Aviation Academy Blog","Flight training dropouts are more common than you think. Learn the real reasons student pilots quit and how Eagle Aircraft Flight Academy helps students succeed.","Why Most Student Pilots Drop Out (And How to Avoid It)"
"/blog/why-become-a-pilot/","Why Become a Pilot? Career Stability, Income Potential, and a Life Above the Ordinary | Eagle Aircraft Aviation Academy Blog","Discover why becoming a pilot is one of today’s most rewarding career paths—and how Eagle Aircraft Flight Academy helps students reach the airlines efficiently.","Why Become a Pilot? Career Stability, Income Potential, and a Life Above the Ordinary"
"/blog/why-accelerated-flight-training-saves-time-money/","Why Accelerated Flight Training Saves Time and Money | Eagle Aircraft Aviation Academy Blog","Accelerated flight training helps students finish faster and often costs less overall. Learn why full-time pilot training works.","Why Accelerated Flight Training Saves Time and Money"
"/blog/what-is-the-1500-hour-rule/","What Is the 1,500-Hour Rule? What Every Aspiring Airline Pilot Needs to Know | Eagle Aircraft Aviation Academy Blog","Learn what the 1,500-hour rule really means, why it exists, and how pilots at Eagle Aircraft Flight Academy reach airline minimums faster.","What Is the 1,500-Hour Rule? What Every Aspiring Airline Pilot Needs to Know"
"/blog/how-long-to-become-an-airline-pilot/","How Long Does It Take to Become an Airline Pilot? A Realistic Timeline Explained | Eagle Aircraft Aviation Academy Blog","Learn how long it really takes to become an airline pilot and how structured, accelerated training at Eagle Aircraft Flight Academy can save you years.","How Long Does It Take to Become an Airline Pilot? A Realistic Timeline Explained"
"/blog/flying-in-the-soup-explained/","Flying in the Soup Explained: What Student Pilots Need to Know About IMC | Eagle Aircraft Aviation Academy Blog","What does 'flying in the soup' mean? Learn how instrument meteorological conditions work, why they’re dangerous for VFR pilots, and how proper training prepares you for real-world flying.","Flying in the Soup Explained: What Student Pilots Need to Know About IMC"
"/blog/eagle-ifly-aviation-training-partnership/","Eagle Aircraft Flight Academy Announces Strategic Training Partnership With iFly Aviation Group | Eagle Aircraft Aviation Academy Blog","A new international partnership connects iFly Aviation Group students with accelerated U.S. flight training and airline-focused pathways at Eagle Aircraft Flight Academy.","Eagle Aircraft Flight Academy Announces Strategic Training Partnership With iFly Aviation Group"
"/aircraft/n745u-cessna-172s-skyhawk/","Cessna 172S Skyhawk | Eagle Aircraft Aviation Academy","Popular training aircraft with reliable performance, ideal for pilot instruction.","From First Flight  to Certified Pilot  All in One Academy"
"/aircraft/n745n-cessna-172k-skyhawk/","Cessna 172S Skyhawk | Eagle Aircraft Aviation Academy","Versatile and reliable training aircraft, perfect for flight schools and pilot instruction.","From First Flight  to Certified Pilot  All in One Academy"
"/aircraft/n7186s-cessna-150h/","Cessna 150H | Eagle Aircraft Aviation Academy","Lightweight and nimble two-seat trainer, ideal for primary flight instruction and recreational flying.","From First Flight  to Certified Pilot  All in One Academy"
"/aircraft/n14bl-cessna-172k-skyhawk/","Cessna 172K Skyhawk | Eagle Aircraft Aviation Academy","Reliable and classic trainer, ideal for primary flight training and general aviation.","From First Flight  to Certified Pilot  All in One Academy"
"/about/liberty-university/","Flight Training in Valparaiso, Indiana | Eagle Aircraft Flight Academy","Eagle Aircraft Flight Academy is a Cessna Pilot Center at Porter County Regional Airport in Valparaiso, Indiana, offering FAA Part 141 and Part 61 flight training from Private Pilot through ATP. Train with experienced instructors using Cessna and Tecnam aircraft, Elite simulators, and proven accelerated programs for local, VA, Liberty University, and international students.","From First Flight  to Certified Pilot  All in One Academy"
"/about/faq/","Flight Training in Valparaiso, Indiana | Eagle Aircraft Flight Academy","Eagle Aircraft Flight Academy is a Cessna Pilot Center at Porter County Regional Airport in Valparaiso, Indiana, offering FAA Part 141 and Part 61 flight training from Private Pilot through ATP. Train with experienced instructors using Cessna and Tecnam aircraft, Elite simulators, and proven accelerated programs for local, VA, Liberty University, and international students.","Answers to Common  Flight Training Questions"
"/about/eagle-aircraft-ifly-aviation-partnership/","Flight Training in Valparaiso, Indiana | Eagle Aircraft Flight Academy","Eagle Aircraft Flight Academy is a Cessna Pilot Center at Porter County Regional Airport in Valparaiso, Indiana, offering FAA Part 141 and Part 61 flight training from Private Pilot through ATP. Train with experienced instructors using Cessna and Tecnam aircraft, Elite simulators, and proven accelerated programs for local, VA, Liberty University, and international students.","Eagle Aircraft Flight Academy × iFly Aviation Group"
"/about/contact/","Contact Us | Eagle Aircraft Aviation Academy","Aviation insights, training tips, and industry news","Let’s Start Your  Aviation Journey"